"PK","WIND_ANGLE","WIND_SPEED","BOAT_SPEED"
468,127.0336245,17.71243226,47.11927179
1000,27.32302728,18.52757133,17.38990476
1165,112.8431835,5.652362728,11.84658847
1166,26.62911335,20.62188131,17.95132
1167,125.6120108,8.082274845,22.04315764
1168,32.14432162,16.83085596,19.11744893
1169,112.9943152,10.64816997,33.6450784
1170,83.34776806,21.44607454,50.38945983
1171,51.30239986,9.080078342,18.08117216
1172,47.27484836,8.383080288,15.70487735
1173,162.0241569,15.53961755,21.93911082
1174,84.78642655,13.4180752,39.13281135
1175,100.0765963,6.48232238,16.13324826
1176,165.0979217,25.23661502,19.03017794
1177,56.37246051,12.60759824,27.29122241
1178,79.53705256,18.84003952,47.7206
1179,172.4844805,26.11701595,13.18793956
1180,63.08572972,19.51491919,42.12381661
1181,125.7813632,16.2882172,44.91498367
1182,112.6039827,24.573664,50.713168
1183,8.074140026,2.657944512,0.26561681
1184,8.965058435,14.48920282,4.48252922
1185,19.33460297,18.23995976,11.71275824
1186,26.44083587,11.70041808,11.82435811
1187,43.54075526,29.94176329,31.47852868
1188,164.4884577,19.79166878,22.45598812
1189,133.6476612,29.64407322,46.55968556
1190,150.8213733,22.57101774,32.68974626
1191,153.9940264,8.961270583,13.76683649
1192,135.0473218,8.015587652,18.03562808
1193,125.9931079,13.57179791,39.03103275
1194,68.38132259,25.50159135,49.74539622
1195,170.4228323,4.873283371,1.37589583
1196,75.47058033,23.09942421,51
1197,167.2294867,19.60746216,20.35830297
1198,176.4629367,2.092469181,0.01635347
1199,81.3628437,15.52607642,42.46100594
1200,31.8515352,11.97442751,14.70225535
1201,156.6188067,27.80955437,28.54670568
1202,169.8498301,21.3794574,17.43040723
1203,78.6527542,15.41460905,41.55976894
1204,131.8497757,13.75897923,37.94834326
1205,51.38315189,12.9195945,25.13456465
1206,34.36368057,13.50799756,17.58249076
1207,86.76185369,20.04132347,50.35178072
1208,138.2819315,12.10446052,28.23361959
1209,55.76924775,9.380102608,20.19903593
1210,142.9119563,22.66807762,39.47589367
1211,62.54271255,26.3182552,45.03417004
1212,147.7881134,26.12135715,34.83018789
1213,7.200977224,12.94346011,3.22008263
1214,105.0764562,13.57836896,41.15673792
1215,144.0458138,26.67813706,38.10241748
1216,68.09473843,28.86595405,49.12530717
1217,177.7151181,21.18055511,10.46611613
1218,118.8501245,7.250679135,19.61906236
1219,151.5865493,18.17269886,31.96206514
1220,90.3201116,21.01929325,50.49035337
1221,28.13643688,21.48121007,19.43611085
1222,110.5571233,7.643985284,22.80819938
1223,165.2148996,16.41264772,20.76221797
1224,127.6726812,29.18879424,49.54393804
1225,91.98747268,16.49953439,46.79894213
1226,38.35734643,26.23440342,27.68587715
1227,114.1835757,26.19149661,50.05569128
1228,156.5079797,20.84879861,28.51741802
1229,30.06257819,20.13533787,20.11189713
1230,66.57020647,29.32781069,47.81996566
1231,14.19889041,11.93433997,6.05283023
1232,144.5274679,27.18460873,37.97033006
1233,109.0359169,29.40902464,50.29548768
1234,48.4384454,11.54836915,21.35122331
1235,89.22478989,26.11216937,50.12925795
1236,60.35852748,20.94751017,42.1965975
1237,150.7461766,26.03346288,32.34642096
1238,16.42049446,17.96417079,9.83438207
1239,23.67047735,8.36769773,7.35247338
1240,68.78468955,28.59218743,49.7676425
1241,119.4409486,19.03650067,49.54518262
1242,40.69537781,15.09834148,22.4842185
1243,176.8732117,14.87616134,11.75223429
1244,104.7495668,10.40653704,33.21961112
1245,101.3716682,6.630852625,17.05727604
1246,31.75256962,3.913684928,3.08894189
1247,156.1006844,5.978973297,4.75473693
1248,73.26201693,29.9528426,50.0235787
1249,104.1728811,12.94234478,39.88468956
1250,139.1617631,5.198978661,6.56560471
1251,112.2028832,28.60934975,50.54215312
1252,152.000801,16.39761336,29.99705266
1253,105.1740557,21.41606627,50.50724187
1254,80.30013972,18.19017932,47.25020727
1255,0.158496579,19.86844957,0.09509795
1256,85.31176061,15.57056438,43.73465693
1257,150.4550955,18.93851822,33.12933651
1258,165.4441327,5.765914063,2.74080726
1259,38.6561782,22.58863411,27.96449353
1260,77.71447106,28.03871328,50.98064336
1261,125.2213859,29.49905743,49.60864213
1262,112.8683853,21.41312393,50.70656196
1263,176.7770677,23.38001144,8.83062193
1264,97.54553688,4.17630722,8.44076805
1265,140.1462134,16.99239951,38.39361613
1266,85.83874946,28.15437782,50.92281109
1267,22.9168916,3.428321616,1.92247377
1268,51.51538959,16.1480827,30.06853661
1269,30.28608588,3.430865309,2.4594739
1270,26.2784938,5.230525829,3.62940473
1271,114.1539961,25.47928695,50.26035653
1272,104.3015287,14.28645616,42.57291232
1273,2.650302202,10.08588153,0.80647126
1274,132.7815879,24.34502667,48.32405756
1275,137.3415283,7.801256311,16.21557848
1276,74.42190705,16.45616764,42.66948942
1277,25.56533897,29.75840133,17.89573728
1278,175.3352394,19.99512712,13.20332077
1279,116.8013694,19.46851528,49.8192588
1280,49.4931024,18.74155401,31.78939786
1281,73.46621967,27.12433791,51
1282,142.899588,4.358442798,4.37495997
1283,171.7827451,18.90164349,17.14051665
1284,88.66555778,3.062704698,6.06287107
1285,63.65781253,22.06726043,45.94757894
1286,113.5614829,11.00470302,34.65796077
1287,174.4134792,11.03841517,9.56307989
1288,52.58853287,28.50022282,37.81197301
1289,31.27024582,21.98824196,22.00957086
1290,112.8907382,5.850628298,12.33749693
1291,98.50451031,9.180150478,29.47914761
1292,10.52946863,20.50530358,6.62327984
1293,25.90648777,4.933028786,3.33270933
1294,24.19689356,22.4706179,17.03658216
1295,109.6516886,19.14375043,50.01991907
1296,119.7892556,22.55377285,51
1297,55.04345595,22.6197866,39.68671248
1298,126.4342192,25.28701675,50.35649162
1299,137.4343033,26.83677577,43.62016925
1300,96.65707112,13.57534767,41.07971622
1301,116.964726,29.02876373,50.14739841
1302,9.240514435,15.17170811,4.62025722
1303,154.2380326,25.88736807,29.12945466
1304,50.48213859,5.254850355,6.96073998
1305,25.76694679,5.424447435,3.69965402
1306,159.0584492,8.796614718,11.16477184
1307,132.0784229,19.91208035,48.21451894
1308,142.9107266,14.45442924,32.71027122
1309,127.557113,16.16813198,44.51702304
1310,24.72456655,3.674027973,2.23246681
1311,61.63535298,4.752552818,7.66864093
1312,124.0030388,11.33481753,33.13607073
1313,71.05427741,15.01056637,39.23198822
1314,101.3395554,12.5845186,39.1690372
1315,88.21001688,20.90848271,50.43168733
1316,9.485748678,25.88882937,6.64002407
1317,114.5277493,21.36278273,50.68139136
1318,123.2278634,5.005688212,9.02912297
1319,177.3903401,11.87351047,9.16183571
1320,73.09657938,9.898106447,27.67423993
1321,121.0024697,19.29800685,49.57863074
1322,72.14757049,12.8704771,35.1704683
1323,108.0528386,20.79745554,50.43816644
1324,37.60420274,15.3003695,20.94669978
1325,17.64143828,21.60316117,12.15058738
1326,57.01594366,12.79290033,27.97546953
1327,135.0527123,26.36387632,45.54448707
1328,70.51102241,11.92407826,32.87637916
1329,54.87338072,14.39379713,29.51472412
1330,64.80299792,18.02860333,40.92470375
1331,165.0486572,19.74787916,22.02471786
1332,129.718452,2.651573922,3.98653335
1333,68.29348411,19.25219284,44.85437972
1334,153.0987343,28.93204324,31.66542031
1335,134.5439798,28.34379049,46.27102978
1336,169.0129434,17.07371996,18.76465958
1337,40.067479,18.64767901,25.69035165
1338,100.8751824,5.725657184,12.31414296
1339,138.7955968,16.19544939,38.13625635
1340,82.88698085,16.09669994,44.04553559
1341,49.74216494,16.89055111,29.73585008
1342,33.15480268,19.6459091,21.97546208
1343,160.2733014,7.428685443,6.76366443
1344,21.98087969,24.49417362,15.53575883
1345,28.00988523,16.56936404,16.31864019
1346,129.4078315,24.22966942,50.88516529
1347,49.50955066,4.203066054,5.25057447
1348,64.85843709,25.71323656,46.96047029
1349,148.136092,22.66328185,34.95147415
1350,13.8586733,16.21124618,7.42082707
1351,90.07357975,5.244065771,11.11016443
1352,133.148017,8.880600826,21.82289609
1353,123.484283,14.20049457,41.05256085
1354,172.0555283,12.86283882,12.7463952
1355,108.3698576,16.69640189,47.39280378
1356,92.85955932,18.55313127,49.76000162
1357,128.756435,18.97567052,48.59088781
1358,3.102816992,26.13307267,2.17197189
1359,5.064663057,7.221394818,1.12506163
1360,15.85727919,23.36977121,11.10009543
1361,83.44817748,2.09158219,3.55798364
1362,138.8691543,28.96587064,42.85006405
1363,97.76555619,13.2959379,40.51321644
1364,59.64738324,4.681274591,7.31527606
1365,151.4753282,20.17531155,32.8068053
1366,141.1418671,5.766638395,7.31822676
1367,58.43205861,27.40053191,41.90244103
1368,40.92521557,23.54421681,29.6476509
1369,147.2910652,15.67815052,32.02525536
1370,3.187607909,13.67167669,1.54147566
1371,49.93670173,9.796268709,18.66972855
1372,42.64488083,5.311158164,5.7490391
1373,130.6025378,28.05392065,49.4926339
1374,21.03135604,26.88467417,14.72194923
1375,42.09588636,13.0723481,20.65646532
1376,135.9627463,14.31904118,36.96531648
1377,44.60854067,29.54129246,32.22597847
1378,26.25351215,3.669752294,2.35696696
1379,48.49559974,14.73759208,26.2987063
1380,165.9587238,8.566060189,7.42907131
1381,121.2834089,2.091940035,3.17798024
1382,98.69442556,20.11718374,50.94140813
1383,46.01169426,12.98675579,22.48598081
1384,135.4876094,19.37676302,44.84606108
1385,85.60642389,5.389125662,11.16765269
1386,172.3067004,9.797975401,8.47124605
1387,29.47580802,23.99344079,21.57753873
1388,160.9817267,8.486829765,9.2873168
1389,144.2573078,8.642238422,16.54491136
1390,50.49371616,29.70234736,36.34560131
1391,8.742199497,27.40638899,6.11953965
1392,73.31546133,15.65009871,40.96328968
1393,122.8420449,7.389687522,19.37476071
1394,139.9062844,23.81254768,42.08434403
1395,139.9583658,26.44641531,41.25974909
1396,22.34066299,27.02927042,15.63846409
1397,168.0394108,18.99439961,19.97269307
1398,53.16347911,15.12792433,29.58997396
1399,61.91196604,15.89645827,35.98196861
1400,101.347243,11.18561218,35.55683654
1401,95.57063713,3.224533918,6.44906784
1402,92.64279017,25.3184752,50
1403,164.4820022,28.87655117,22.85267385
1404,128.4588242,12.98929446,36.4228304
1405,138.0359548,22.44526061,43.76764068
1406,101.3453925,20.15882399,50.80741682
1407,58.27254095,29.14471888,41.79077866
1408,51.0605263,8.066795636,16.42189327
1409,87.96050795,15.0533209,43.4947942
1410,65.32522845,23.43086604,47.59463135
1411,70.30392709,6.759596265,15.23125835
1412,129.8337496,13.10222229,36.45536539
1413,127.7072852,5.391413141,9.17160343
1414,76.85202587,9.769286261,28.47882341
1415,50.02249474,18.71712565,32.0914348
1416,136.4885385,11.27694798,27.18267826
1417,124.8211821,18.61733333,48.64205788
1418,158.8092762,27.96068323,26.91560306
1419,26.68285034,11.63959073,11.86058783
1420,121.6802253,7.43701809,20.04461206
1421,63.70470705,18.40532927,40.83081813
1422,16.63601133,20.03100966,10.66071277
1423,126.6046772,7.079192585,16.44144819
1424,24.74862309,22.67095618,17.48334206
1425,177.9857948,29.66748575,12.445107
1426,110.4566823,7.917770444,24.46095443
1427,177.2358502,27.45374959,11.3919442
1428,165.2173444,20.0781657,21.78704167
1429,46.32208065,10.30968993,18.09126138
1430,58.25465917,28.08734794,41.77826142
1431,23.60416939,25.67350382,16.58175595
1432,83.95206783,10.69619793,32.5309084
1433,57.16146313,14.7720819,31.45500073
1434,68.3090445,14.03664454,36.22471311
1435,23.04541644,25.71284928,16.17551619
1436,74.0497135,10.9358702,30.83302435
1437,54.95771795,20.38413427,37.85453684
1438,84.89027643,8.601154151,26.79686638
1439,148.6122571,5.971260661,6.23244543
1440,31.08302489,5.414884886,4.52318738
1441,122.5698516,29.40668449,49.81925148
1442,143.621657,24.67204638,38.28571196
1443,22.41659743,22.88126538,15.79810138
1444,146.3977843,3.175344551,2.53556612
1445,4.655530685,14.43467141,2.32776534
1446,141.6166872,13.62098964,31.60305686
1447,114.3573014,14.44401832,42.45230649
1448,9.986225404,12.61689195,4.30251126
1449,147.6404648,7.551175605,11.49143919
1450,26.36570031,9.934436114,9.49263018
1451,108.1576209,6.491235187,15.99266319
1452,101.8865511,10.25589004,32.76767011
1453,3.573674698,3.076615451,0.19237367
1454,159.9359543,11.91175719,17.89325405
1455,155.4320594,26.00958775,28.11854443
1456,175.6830131,25.11937,9.76304294
1457,133.0987337,16.23000741,42.17589751
1458,111.18334,12.90088277,39.68343155
1459,2.614792532,21.90597269,1.81806168
1460,76.39620803,3.135803735,5.63484932
1461,81.85561474,7.569902534,22.24427123
1462,88.89484172,2.247112989,4.3973651
1463,70.47329653,24.97046245,51
1464,47.82323837,9.517218171,17.45766765
1465,179.9892222,7.873024108,0.00417428
1466,23.66191587,5.462893149,3.36548774
1467,59.83897603,20.1424877,41.02977092
1468,23.09463368,18.01687129,14.17467922
1469,21.11721642,16.30188693,11.83813697
1470,63.25048925,27.25395483,45.6003914
1471,69.27220097,3.714586359,6.366779
1472,128.8869059,4.239292174,6.60321149
1473,10.15262941,9.962540431,3.06076589
1474,69.91048406,2.566101973,4.12967019
1475,95.07446696,25.42655992,50
1476,6.042895708,13.93524791,3.00188335
1477,145.6676867,2.685385353,2.11861668
1478,25.33467448,24.64513146,18.09566127
1479,8.993860668,12.83638265,3.97365972
1480,164.0225196,8.506231288,8.0609854
1481,62.71272878,7.262760777,16.29624913
1482,124.7398996,4.59727456,7.87764537
1483,107.8734047,4.257475129,8.64368782
1484,92.26692647,24.01515496,50
1485,72.5953186,25.67469788,51
1486,69.46098406,24.67816307,50.60441181
1487,45.75434045,10.6915843,18.5380932
1488,28.60908828,11.883429,13.13779465
1489,5.552006488,8.599903999,1.66560195
1490,26.64410282,8.253511785,8.20420466
1491,76.64985208,27.74704278,51
1492,62.83772494,2.141341699,3.23206699
1493,45.59677346,2.928896761,3.188838
1494,65.49986173,26.0755339,47.39988938
1495,152.5299922,4.759859708,3.79066838
1496,123.3379068,15.07799281,42.82219494
1497,68.63570635,13.52425739,35.36636796
1498,131.7229916,25.79708922,48.55076296
1499,76.64842161,27.13655288,51
1500,66.36510102,5.513861974,9.66423405
1501,160.211657,21.0608912,25.30022882
1502,146.8960998,15.41498177,31.78309557
1503,69.04188493,16.43315496,41.0748634
1504,176.2837417,4.093005156,0.38890739
1505,98.87630268,9.357236701,30.03559653
1506,21.37390305,29.29546425,14.96173213
1507,165.8345266,24.0057341,17.75179307
1508,24.11928801,10.56506444,9.32916281
1509,111.6196509,10.6888813,33.90467882
1510,89.31932194,16.57251681,46.67405678
1511,174.7077725,27.58568834,13.61231451
1512,78.79515028,21.5318876,50.47548709
1513,137.2977791,19.10774157,43.14896433
1514,79.22585837,6.788100527,16.98422912
1515,111.8156987,17.34481718,48.50806448
1516,99.45688532,20.63618227,50.68190887
1517,30.19948304,4.187552483,3.20750079
1518,175.7745898,14.99069797,12.52594408
1519,63.60932427,17.91869123,40.04363141
1520,8.874874805,20.67460594,5.62427705
1521,86.59684839,11.46314678,34.97723664
1522,71.47106927,22.79099241,51
1523,119.1183333,28.27061865,50.0762369
1524,133.7909721,19.10372118,45.79269247
1525,40.66140294,23.14945306,29.46298206
1526,15.79415046,15.51570688,8.33618692
1527,13.81927334,4.788319936,1.5324678
1528,111.6527028,27.57196617,50.65608344
1529,17.31605119,29.05684948,12.12123583
1530,157.7673474,11.93733241,18.79905965
1531,55.41831135,4.186216859,5.87160547
1532,96.53285131,2.983149894,5.96629979
1533,160.1637009,16.58108912,24.46649852
1534,126.9182474,7.452110757,18.32440893
1535,92.52458598,8.171116217,25.82976548
1536,161.1400437,4.273833541,2.14422006
1537,170.7812248,15.37798607,15.90925118
1538,119.0509384,10.09011738,31.36525829
1539,0.975029698,15.88425945,0.48751485
1540,29.85017165,6.979338334,6.92137436
1541,164.5589586,9.780020733,12.00073708
1542,64.26020482,28.20492878,46.36451193
1543,33.47795675,7.437087361,8.97168955
1544,152.4554759,19.81436478,31.96559283
1545,33.88530852,5.568852267,4.95738312
1546,163.0050757,6.626626004,4.46393101
1547,36.51368071,16.37362996,21.28183839
1548,174.136195,18.89212349,15.28960205
1549,68.69928535,29.91356758,49.12709476
1550,34.59694027,7.538260054,9.59690758
1551,20.50614989,18.00572342,12.35716663
1552,71.77315867,4.149124636,7.47556514
1553,7.097417552,3.631985319,0.57914406
1554,64.44686494,15.5923213,36.96595631
1555,45.48575437,14.52221173,24.40832517
1556,52.74934186,13.12450477,26.21601049
1557,13.44949893,29.33836268,9.41464925
1558,107.3861277,5.067292863,10.66823216
1559,131.4599644,27.49493899,48.79515993
1560,73.31768539,11.5081926,32.269698
1561,59.92180469,22.03248168,42.96137713
1562,34.18688542,9.177458975,11.85221314
1563,3.751119494,12.46008623,1.58673972
1564,157.1651645,12.73872143,20.45143174
1565,106.7803569,18.06215107,50.01000521
1566,55.95135167,23.57151487,40.63357805
1567,113.3714498,15.07106148,43.80497798
1568,62.93687867,6.566705318,13.01029627
1569,24.22109383,17.1097278,14.32173345
1570,160.9011272,26.48613941,23.69702864
1571,82.90335741,9.028335773,27.86940206
1572,113.1767331,4.992500165,10.1635771
1573,131.1243903,17.68011712,45.73310245
1574,179.7271176,21.60402851,8.44357988
1575,178.3299956,11.45572114,8.24527592
1576,151.734219,6.679195807,7.57295618
1577,24.20113735,6.759629595,5.13923728
1578,24.81207605,4.985941672,3.21139976
1579,170.0395237,5.018737537,1.50340318
1580,172.5764412,2.251370724,0.09330327
1581,95.41364988,23.94117881,50
1582,92.77878187,18.1245778,49.38514726
1583,177.3329775,7.024879291,0.80674212
1584,122.616732,29.61492155,49.78870915
1585,45.26141597,6.210174356,7.84318418
1586,64.69883004,7.0303202,15.59045385
1587,160.7952862,19.09273165,25.39984797
1588,78.30823233,3.556191694,6.7588435
1589,161.7076323,29.35919744,25.31349286
1590,158.0891985,11.39559284,17.85770985
1591,95.31270002,29.85839219,50.07080391
1592,155.6574518,2.443484891,1.31803517
1593,78.01280229,27.25102907,51
1594,52.55518557,16.11658978,30.66459655
1595,5.732686066,6.290426481,0.73976099
1596,65.51432459,14.66897196,35.94506666
1597,104.7333832,24.17443601,50.4320547
1598,174.0880893,28.81537629,15.13721667
1599,55.41981091,12.90271086,27.30859785
1600,20.654557,13.81022154,10.29163393
1601,118.0277883,2.499892114,4.04907888
1602,8.194319688,4.385618894,0.81943197
1603,149.4189202,20.52346809,34.46486385
1604,48.3782352,25.47509252,34.86476464
1605,46.6421086,2.690514183,2.91983769
1606,33.50742375,18.95463708,21.74918863
1607,61.64195289,5.276291246,8.71677778
1608,138.0610429,13.39301514,32.9800814
1609,129.7384671,12.68094826,34.8189414
1610,98.03430818,21.09995669,50.45002166
1611,78.59208626,16.82663932,44.31350406
1612,127.327233,14.82589776,41.91907222
1613,1.143832375,13.88579061,0.56538437
1614,18.47604755,22.78264998,12.93323328
1615,125.2314741,28.09613691,49.97485311
1616,143.4796763,2.901465864,2.55349823
1617,166.6722821,6.623494495,3.49651945
1618,119.6358625,25.98531716,50.00734142
1619,152.4033761,15.7024667,28.75832433
1620,10.85594343,3.400387926,0.78578831
1621,164.3393184,9.477547069,11.11511003
1622,9.955427884,2.683685723,0.3403192
1623,157.8810136,18.3106745,27.51620626
1624,35.85396525,25.73827716,25.7374278
1625,66.1668009,18.37298783,42.25956229
469,151.6155364,10.02380375,18.38949108
470,35.60745096,23.07405189,25.72185205
471,79.03579219,28.29727802,50.85136099
472,108.6640312,9.862736911,31.52874815
473,38.83248358,25.26902681,28.10865802
474,80.4650294,17.13671962,45.38651765
475,161.161095,3.505075486,1.63642824
476,148.923925,28.56049153,34.86086
477,66.79926269,9.543301397,24.65104718
478,19.54736122,3.592693747,1.751083
479,16.59679362,15.74784433,8.87490523
480,117.4433029,12.82319794,38.90206558
481,59.17202105,10.22740504,23.22790668
482,22.39446086,11.14002651,9.23429829
483,101.6427048,4.124687497,8.31171874
484,22.84179759,29.38787767,15.98925832
485,157.911398,14.2540557,22.66077583
486,84.63591838,29.67069371,50.16465315
487,88.34602437,17.12234118,47.28013533
488,47.60525249,7.060843723,11.63740275
489,104.754068,19.81863961,50.47702299
490,91.49285466,24.80298143,50
491,58.69791233,16.29527932,34.64244241
492,103.0983751,24.38497173,50.25019817
493,153.7460312,13.21672778,23.08761696
494,6.687842113,8.380567042,2.00635263
495,40.84590569,22.9362539,29.59213398
496,163.0982905,24.8261706,20.62462389
497,70.27673708,29.83316918,50.08341541
498,119.3911779,29.93352479,50.00202358
499,23.93165063,4.858631939,2.99127307
500,34.65221836,3.322673184,2.78789502
501,1.367113056,15.20689575,0.68355653
502,146.0734092,4.868997572,4.86676534
503,16.43920905,9.79289502,5.50900401
504,32.9935617,21.15348075,22.84488435
505,155.3683014,12.10230573,20.05352294
506,93.0546917,14.88777271,43.77554542
507,98.79842969,22.13756398,50
508,18.26163413,5.124508403,2.29067726
509,48.17724253,2.141030415,2.19869241
510,165.024598,6.560506679,3.83446169
511,166.9456724,18.2955019,21.03540634
512,62.1284978,11.28167149,27.1919796
513,34.31926239,3.598652331,3.03057857
514,98.65523577,8.063746928,26.06105059
515,116.4125984,18.92841181,49.65641676
516,57.27636472,24.1942143,41.75043307
517,153.7931806,15.38935444,27.23929691
518,108.5766185,18.57804931,50.04113924
519,106.6265698,2.184513716,3.76750511
520,49.59524784,18.99037157,32.22266331
521,86.61298995,12.12693032,36.61842808
522,68.95509136,29.75288281,49.37921181
523,6.840080818,9.527709425,2.05202425
524,163.1840666,19.84030642,23.47817049
525,154.2526718,2.120542942,1.09491146
526,10.8701146,29.19144083,7.60908022
527,76.49669026,11.96822044,34.21432246
528,124.1244014,17.44043048,47.17137516
529,117.1868232,9.349702532,29.00527654
530,141.7532574,27.86912985,40.53195903
531,119.5367272,25.81134153,50.09432923
532,61.63141528,23.04752786,44.74344851
533,2.895169735,26.68282439,2.02661881
534,46.08128734,24.34361719,33.25690114
535,103.9689716,3.132898949,6.09372293
536,5.31240558,11.54767001,2.00481421
537,84.41433472,19.44404879,49.32691574
538,147.1284944,9.126847526,17.0925686
539,8.062032435,6.713917477,1.38176583
540,177.0695038,18.00135438,14.0497127
541,23.49147684,24.69939832,16.67108482
542,89.09652507,16.84127396,47.02887197
543,83.10783018,5.882663357,12.05787661
544,114.8064367,15.64601596,44.81138825
545,96.88585706,15.20449995,44.40899991
546,124.7290348,12.71769093,36.74966154
547,95.07249676,5.520738313,11.80184578
548,158.6060002,7.092510617,6.61611714
549,116.498268,11.79521203,36.7358093
550,108.2252688,28.22846938,50.88576531
551,124.0076461,7.789840672,21.22021003
552,72.08845365,2.892470285,4.87813471
553,83.04954282,25.24349903,50.69504572
554,45.20279439,28.90099625,32.64195607
555,98.79413007,28.81126641,50.5943668
556,16.38847959,21.6449989,11.29443516
557,118.4557938,3.325410099,5.75315552
558,63.72877386,14.00136555,33.86668984
559,77.19717002,26.02955476,51
560,132.3899634,4.270803894,6.06361511
561,169.1270278,8.809955435,6.8144086
562,61.31209918,29.61605806,43.94365792
563,30.18265288,16.76483445,17.87442618
564,78.93911904,11.36906669,33.17702328
565,92.65323213,13.6338821,41.13327505
566,73.25668786,22.33489363,51
567,167.2982024,2.115756452,0.32805799
568,143.1601157,29.56421699,39.47190741
569,12.38179937,24.10485074,8.66725956
570,173.1916727,27.98257574,15.42052547
571,33.660368,13.2566087,16.95073841
572,62.4075581,2.904957072,4.46637244
573,160.9542055,11.0924974,16.16164337
574,148.421391,6.796365486,8.83053322
575,102.6108529,27.09487938,50.54743969
576,55.04841716,5.66387551,8.42065187
577,120.6619143,29.38227885,49.95425249
578,102.9819397,18.49442641,50.17349572
579,92.5153323,26.73960383,50.36980192
580,32.82256791,27.16375917,23.25805433
581,39.94344365,15.0062573,21.97513361
582,49.69631113,28.0305799,35.78741779
583,8.623396899,14.32440089,4.31169845
584,107.7798588,22.44808177,50.77798588
585,135.8843912,2.319736579,2.79709299
586,152.8287581,22.62391537,30.8302023
587,137.4112416,27.29259151,43.80886796
588,135.3214649,18.24711302,43.57989393
589,59.09129212,22.82013133,42.73670716
590,129.258241,25.16842054,50.41578973
591,63.68617022,29.85480115,45.60708054
592,170.1016538,19.64919328,18.08748101
593,107.463597,6.234185785,14.43481418
594,166.5908587,29.12637234,21.29049922
595,84.6054588,8.956208744,27.83089986
596,169.588684,4.180289275,1.13498404
597,78.75226144,29.66266622,50.16866689
598,54.04129718,28.63196348,38.82890802
599,6.53586002,17.52447032,3.76611624
600,131.3631768,3.799807926,5.44072138
601,0.307229265,3.104340476,0.01696429
602,46.51506666,15.72238639,26.54099282
603,85.70680159,28.07715196,50.96142402
604,51.66761658,26.47912932,37.16733161
605,115.417472,6.435245927,15.06972837
606,1.094771862,16.02993753,0.54902467
607,84.92163467,18.20833022,48.19265716
608,50.59569933,11.74691892,22.78414949
609,59.59562104,10.65406483,24.46018598
610,33.33562549,21.62713544,23.41988129
611,37.16313909,8.934833661,12.8000893
612,51.69598019,24.28476501,37.33263636
613,25.59430541,25.16921638,18.14839665
614,68.32202342,13.41495396,34.99091963
615,12.66246761,26.19354972,8.86372733
616,72.18674192,15.89419566,41.22573971
617,28.68535949,15.32247147,15.87245143
618,103.5826129,24.59777894,50.25118077
619,0.70304638,8.292705063,0.21091391
620,91.1991089,23.31441583,50
621,156.5643338,8.909393127,12.55714243
622,98.24069857,13.79649264,41.57508374
623,9.100736215,10.06798113,2.76115478
624,25.1621943,4.198753734,2.66689657
625,98.95511631,12.21139155,38.3293387
626,80.31770648,29.06034594,50.46982703
627,54.46155507,26.56006045,39.12308855
628,164.5116176,21.61179997,21.58480595
629,23.86562215,3.370621577,1.95022605
630,101.9109895,25.46908422,50.05072872
631,52.69229408,25.16414197,37.99712463
632,3.592277725,10.26538566,1.12535027
633,119.3102319,25.75206452,50.12396774
634,27.0982428,2.866052188,1.74039853
635,165.4891157,26.10052687,19.18791294
636,45.70761138,15.45869108,25.72877886
637,61.74694024,24.0115672,45.21808493
638,60.50696183,27.74211841,43.40556946
639,4.439710082,10.17068326,1.36980223
640,64.47153117,5.451949034,9.35105118
641,18.86377201,5.387365038,2.50124157
642,115.7925791,11.50923682,35.94845254
643,58.45478687,28.24014968,41.91835081
644,3.211441029,12.82457946,1.41698083
645,175.1914221,3.926223169,0.46311971
646,124.6866653,18.66457925,48.70642262
647,52.18523882,16.27400999,30.61509214
648,110.4347336,11.90470055,37.67062829
649,129.1921611,27.90903264,50
650,34.51683855,27.77926954,24.61347084
651,168.5085837,9.250515958,8.4413664
652,132.8801668,26.44124845,47.47139338
653,19.24056797,25.82734187,13.46839758
654,123.8589414,9.032459184,26.07003058
655,52.0355028,18.99703472,33.92040404
656,171.0323697,20.1138212,17.01395668
657,51.7103545,8.072640438,16.62827905
658,26.29828668,22.17953858,18.46533995
659,152.1408948,16.76017066,30.2615443
660,164.2941472,7.003901785,4.71788394
661,161.0108132,8.337073639,8.75839653
662,119.2477755,21.67188217,50.83594108
663,2.150502706,18.78647958,1.29030162
664,41.26723861,13.9992776,21.6325357
665,14.72461448,19.0773156,9.08926373
666,45.52295903,26.56631955,32.86607132
667,96.23572152,28.87028536,50.56485732
668,68.62169483,10.3070473,27.34865959
669,73.49919396,4.734727715,8.81937483
670,82.8439722,14.38866295,40.63051757
671,45.53019145,25.73905028,32.87113402
672,49.45752273,28.27969384,35.62026591
673,145.7422817,25.3391422,36.35712041
674,145.7717303,2.98748406,2.41031103
675,164.1204441,12.45009173,16.52218665
676,10.38142164,29.04920581,7.26699515
677,114.167896,17.76442886,49.11206812
678,151.102393,23.16618044,31.84166581
679,94.34785813,7.62680651,23.11449526
680,138.125747,18.52373958,41.88479767
681,88.86331114,26.80641267,50.47104321
682,90.94998358,20.84103192,50.57948404
683,1.576602747,21.50734758,1.06478607
684,38.17250186,23.90643021,27.71220137
685,30.99416614,22.27312115,21.91831709
686,69.73713992,16.50224414,41.59565017
687,87.08120086,13.7199461,40.46509656
688,119.7383281,23.89176238,51
689,22.51234467,28.28607521,15.75864127
690,13.78863914,29.82626842,9.6520474
691,45.50394214,11.32515317,19.55398492
692,35.99098394,12.63842844,17.22606274
693,2.874048934,14.93913833,1.43702447
694,52.03800201,18.27528206,32.8395245
695,69.48261533,14.23648375,37.20815751
696,133.8073354,22.84012334,47.5733981
697,50.34728246,19.25958772,33.13247931
698,109.1242632,14.67968179,43.35936358
699,105.7941015,10.08532829,32.25598488
700,167.964784,15.10523515,17.43883434
701,51.71405929,26.173639,37.19984151
702,138.7241601,22.14636831,43.14825588
703,113.9659413,10.08790001,31.86710592
704,137.0176135,18.31666453,42.45155587
705,121.6886995,25.9568104,50.0215948
706,87.64760667,2.492077383,4.80679341
707,105.6439199,11.27995727,35.83987182
708,11.39354965,23.19375566,7.97548476
709,100.5736882,27.93840168,50.96920084
710,57.80061238,21.54035648,41.00078515
711,93.45938385,14.15934093,42.31868187
712,7.473891847,13.93091609,3.71112964
713,3.885511685,12.96627415,1.74192815
714,106.0495242,16.19886035,46.39772069
715,174.9435449,14.48199204,12.51586507
716,128.6539941,15.01123086,42.15706231
717,11.93310383,17.47215313,6.89593886
718,68.78523474,3.304721833,5.53019713
719,43.18352576,20.7542008,29.98266883
720,3.794776491,18.86404609,2.27686589
721,23.58070369,11.6764768,10.40890661
722,127.558213,26.18756113,50
723,138.1334367,12.75068977,30.63075638
724,89.98834148,18.17949424,49.17716253
725,167.873735,25.89804562,16.86266128
726,128.3755601,2.87195252,4.3787505
727,12.21155857,5.199765722,1.35382346
728,106.5729815,13.58940073,41.17880146
729,156.9956518,2.443845484,1.28859606
730,146.36845,12.22243667,24.45264569
731,179.778791,22.45500883,7.51657489
732,52.95614026,25.58021813,38.13134489
733,151.4803992,10.95212445,19.83602701
734,72.111566,12.47327014,34.36885347
735,174.8355734,4.4824696,0.6410266
736,11.22688428,21.63001484,7.67382642
737,56.01185663,27.2576339,40.20829964
738,124.0606284,3.18318992,5.12615511
739,41.70951238,13.18060269,20.62566023
740,80.65001707,7.254475289,20.17831957
741,159.7048484,2.84455124,1.43473915
742,179.5427228,10.05696394,6.24117725
743,113.3709565,25.92862481,50.03568759
744,26.74360691,6.387251886,5.06017294
745,166.6092172,4.336795356,1.56457595
746,73.75985835,21.56216844,50.28895534
747,67.04690571,13.85262098,35.22869481
748,16.79376332,25.7504388,11.75563432
749,63.12648942,22.7456222,45.75744364
750,163.7847033,16.56773664,21.91844429
751,135.9803761,28.75502333,45.06395362
752,22.73997426,27.63847775,15.91798198
753,65.75534662,6.089738336,11.0310047
754,50.13352179,8.585461872,16.92215794
755,170.5481261,7.318251176,3.13636917
756,84.1236188,18.5292063,48.35393006
757,20.61586348,23.75252063,14.48507011
758,132.4040127,21.67724847,48.71380771
759,75.04080972,25.61545523,51
760,47.2193457,23.82057316,34.05354199
761,77.75972653,15.70172691,41.95539913
762,11.28100496,23.72689556,7.89670347
763,118.9306371,16.44538159,45.99769947
764,162.9943417,22.26035226,22.3051952
765,169.0694184,20.40946501,18.53973277
766,52.48565751,16.43339313,30.97865098
767,106.5322037,2.477679047,4.45815257
768,33.15594892,24.14235448,24.16045018
769,8.527833944,13.63188794,4.10695705
770,169.4369036,17.08008717,18.47425462
771,161.5406914,28.43072398,24.98280888
772,74.1837426,15.27831467,40.39337785
773,17.34811537,17.5073085,10.16252347
774,77.86791733,9.291852107,27.59000547
775,134.1986987,21.41365995,47.05109438
776,106.6651841,26.87486887,50.43743443
777,10.722916,29.40093151,7.5060412
778,124.8304279,27.87335923,50
779,158.5051412,23.48318837,24.86218451
780,144.6925442,12.45323901,26.02738003
781,39.61314609,22.5977938,28.70207982
782,130.4291474,15.43365873,42.57906645
783,72.25912737,4.578990023,8.38389278
784,115.331621,28.07563701,50.44918279
785,69.0536052,15.6144726,39.67935138
786,145.4442604,27.15873508,37.22395921
787,17.12147334,13.28222551,8.20184943
788,96.5672044,2.189660321,4.37932064
789,24.2448681,17.47935236,14.60057983
790,150.7384406,28.571792,33.43035921
791,40.89537609,19.93239852,27.55613535
792,148.6730393,20.89191606,35.06156855
793,89.30454709,19.59011451,50.45102393
794,90.50610395,4.610063299,9.52515825
795,143.2242197,5.502392383,6.44016065
796,108.3418364,6.478781035,15.91238108
797,149.6224013,13.16900503,25.15545344
798,137.4660662,2.678088706,3.01739368
799,161.2308237,29.03263834,25.53166024
800,43.74738114,13.4250714,22.01129768
801,62.82643171,25.21252348,45.5435962
802,10.20911064,14.39340934,5.10866863
803,111.5716071,24.81349067,50.59325466
804,154.9653551,12.22739141,20.46942857
805,176.5892597,28.74780607,13.1024953
806,167.1067097,21.88317613,19.37304415
807,160.1879832,24.17408091,22.9178556
808,121.2724288,3.766230587,6.42009104
809,175.2459409,6.86268181,1.36093585
810,130.3109174,19.06218082,48.35911653
811,54.40868413,4.485321969,6.27583293
812,142.7342877,22.5804683,39.65385309
813,39.86315707,24.91117716,28.89797554
814,152.1472232,24.0430901,30.08904419
815,131.0621807,13.44493028,37.17189193
816,112.5756381,12.00061301,37.7436622
817,10.50462035,8.51026622,3.16426064
818,176.1599984,29.46541819,13.8047104
819,5.793433604,11.18170507,2.08033658
820,57.98975886,24.05880064,42.36831694
821,31.14594182,24.28294641,22.67689808
822,81.20837848,10.53077531,31.56861397
823,27.33233682,10.4415559,10.53637246
824,51.21657765,26.98816674,36.85160436
825,70.7091316,14.31770024,37.77722681
826,131.7629503,13.54442792,37.16009901
827,81.12403685,9.24438026,28.25082358
828,34.76510302,5.71542878,5.19193908
829,116.4076214,12.54032772,38.4398933
830,178.627533,29.89241434,12.04418076
831,166.1938953,23.42215895,18.18228966
832,96.2697413,15.32786574,44.65573149
833,28.52197732,8.250005,8.78812254
834,113.5009054,28.56609942,50.46595278
835,17.47296322,18.18299591,10.55215401
836,63.17809137,17.02826661,38.44925473
837,64.76062084,25.97481867,46.8150934
838,75.26127054,20.9291899,49.42176197
839,118.9984532,12.10114643,37.30244754
840,9.871907162,15.05996767,4.93595358
841,153.2869301,7.516715916,9.3942278
842,156.2855067,29.46399267,29.43169141
843,102.1446317,3.376914283,6.6870141
844,135.3733658,16.35417964,40.76991339
845,44.44722387,14.21693142,23.48878048
846,108.5677585,19.23133281,50.0881783
847,69.33031035,4.273594362,7.48021976
848,121.3793024,20.36270071,50.18135035
849,33.61121624,14.32165014,18.0245106
850,114.2463272,20.99555644,50.49777822
851,97.04226613,23.09850799,50
852,14.42325555,18.25082891,8.70942735
853,58.93081668,19.1530477,38.98114322
854,5.540264043,18.9833493,3.32415843
855,122.4775378,28.50427659,49.93753178
856,49.85454278,19.31329958,32.8731236
857,136.7664245,14.77929638,37.23508556
858,168.9227788,24.10556436,15.02228127
859,82.30686126,23.62943615,50.76931387
860,87.70744037,5.026356724,10.44824261
861,42.85760243,5.14165224,5.59053189
862,49.75312375,13.69909486,25.42520417
863,91.43987476,2.639353016,5.27870603
864,7.415221382,9.417671528,2.22456641
865,107.9299592,14.78159173,43.56318346
866,106.4623343,28.31807018,50.84096491
867,51.27856021,4.587067035,6.0459866
868,130.184234,15.10923306,42.09770783
869,177.4768759,27.48095208,11.23992741
870,73.44677566,16.3906403,42.34263806
871,46.43742527,18.01484324,28.88207601
872,155.6341651,5.39138338,4.13169438
873,75.61504027,28.2682518,50.8658741
874,31.46950301,23.06719944,22.63078949
875,91.03664906,4.890825331,10.22706333
876,17.47060745,24.43619141,12.22942522
877,18.79207482,4.133732783,1.93799691
878,134.6878258,21.80183265,46.72832178
879,22.69821279,19.46008353,14.61879072
880,109.3294731,27.67242337,50.83621169
881,92.26893007,22.65610634,50
882,45.69816183,2.399744857,2.5136354
883,131.7893519,21.43558861,49.15787416
884,68.2722811,28.33740135,49.47827094
885,93.00085703,20.21028636,50.89485682
886,90.11451074,29.08233353,50.45883324
887,163.4353195,15.2143822,20.55179208
888,96.0714349,26.8359977,50.41799885
889,143.0710907,23.64235752,39.0387445
890,177.7668979,5.798215262,0.42409013
891,15.66063644,23.8323017,10.96244551
892,142.8031316,20.72149763,39.75749473
893,143.4599588,9.349776042,19.34023263
894,59.72536324,2.632440536,3.92119713
895,96.08369657,8.392942682,26.86414184
896,20.490797,20.03744906,13.36228243
897,23.45651623,14.0444222,12.09612084
898,41.91758354,9.787099212,15.53371987
899,161.9694808,9.724868806,13.07939371
900,69.12420122,13.0770895,34.71627961
901,97.51451884,28.54825917,50.72587041
902,153.312212,2.504167905,1.42067236
903,167.0616946,5.214326865,2.07939713
904,114.1209409,27.40402363,50.4127169
905,71.05336793,9.604009657,26.32603452
906,28.91958662,8.981732412,9.60457456
907,107.2238667,7.704332666,23.46256873
908,103.506122,28.10179936,50.94910032
909,16.24543085,3.158413682,1.20374993
910,27.30966659,13.78339297,14.19833018
911,51.07688662,11.03309879,21.55257873
912,152.8659641,12.32177105,21.56582354
913,76.11062688,23.89988338,51
914,82.13831933,16.43149006,44.45834274
915,27.96698996,28.80427915,19.57689297
916,169.4053244,29.71019763,19.33083925
917,84.80937594,5.740963072,11.90057344
918,14.22648634,8.722651238,4.42065968
919,107.9786173,17.42739781,48.85479562
920,161.0283295,16.1581876,23.43835695
921,101.452623,25.67014212,50.02395796
922,101.3261237,20.45967494,50.69850874
923,159.0580065,27.25332131,26.04208446
924,78.75795704,7.515824373,21.54038223
925,114.9188142,13.91152646,41.33117149
926,111.5818474,4.119967162,8.14173316
927,11.1158164,24.42113611,7.78107148
928,68.3269993,9.809582105,25.87068345
929,167.5095657,4.117749991,1.32258086
930,24.42768584,24.41699346,17.44983287
931,63.1737607,20.93865704,44.14082074
932,168.3871501,3.571653084,0.94711153
933,28.45613954,29.33107718,19.91929768
934,92.48035344,9.172276611,29.20562047
935,16.63199382,24.283522,11.64239567
936,150.157341,10.02880411,18.98026977
937,130.2708662,23.29679635,50.7562204
938,95.31324201,17.80090279,49.1797858
939,136.6126524,24.7477851,44.67472028
940,150.4922868,18.33614595,32.81519822
941,27.59262661,11.12809318,11.59340333
942,145.7399995,22.05733213,37.37509173
943,68.36621913,17.20376545,41.82537965
944,138.2227245,19.46514834,42.83943978
945,179.0572713,29.2283675,11.3683667
946,11.8715303,25.68056424,8.31007121
947,66.89041958,23.47108706,48.74105884
948,147.6352191,11.61525303,22.55977788
949,117.3913164,9.248024205,28.62895308
950,81.83785806,11.64853519,34.48890958
951,117.7892371,29.5938666,50.04489323
952,136.1685032,14.06548491,36.4096707
953,165.9203588,26.58815336,19.43393435
954,138.9556861,13.16428233,31.65793895
955,0.116389924,23.16000486,0.08147295
956,132.7191268,14.76837,39.80079915
957,35.62135823,2.638782827,2.20091865
958,36.96384701,3.796946222,3.49333092
959,24.09393481,22.80935555,17.03142681
960,102.6344888,8.847973869,28.39217161
961,137.3607408,21.88329429,44.35993248
962,120.8624541,23.37299354,51
963,50.10583311,4.504037649,5.76930698
964,176.8672325,13.23386502,10.37658686
965,178.2269882,23.97531986,6.63273078
966,38.6317766,11.65552246,16.93599433
967,30.55333195,12.53966081,14.77592417
968,122.6637564,20.89217217,50.44608608
969,19.21125204,22.83695528,13.44787643
970,132.3282354,5.856927477,9.24820788
971,149.37898,21.37936826,34.49681603
972,27.46616516,25.93077801,19.25215676
973,148.7767717,11.25148,21.44305361
974,3.382221774,18.28842127,2.02933306
975,157.5901404,11.14059394,17.67483477
976,64.6086323,3.905848319,6.29794018
977,106.5995655,9.389684223,29.96766172
978,56.78773204,21.46654165,40.21795407
979,162.4573433,8.455036274,8.55378063
980,72.7533886,24.4018235,51
981,143.1604503,29.68459611,39.47163974
982,108.8876206,26.02804488,50.01402244
983,179.4357912,17.64777001,12.20889461
984,47.65479156,7.434037774,13.09895353
985,125.7193697,6.579730859,14.00294169
986,14.29474099,5.793331879,1.8145689
987,103.4759306,18.10266128,50.03348847
988,51.31534785,12.47170123,24.39624832
989,174.268474,19.96551131,14.19033914
990,76.46966949,12.50181028,35.29755447
991,87.80849836,11.72407068,35.87187638
992,42.09089828,2.776181132,2.85732692
993,13.90917327,20.49541958,8.98413108
994,57.191833,4.103291397,5.91126312
995,62.77793362,27.87553234,45.22234689
996,91.35458263,3.770237198,7.5404744
997,158.5006205,27.58742317,26.81785724
998,48.3570191,3.001453176,3.41991134
999,27.44556162,19.63297694,18.02838161
1001,102.917197,22.11882501,50.2917197
1002,15.93161054,5.47089876,2.02940098
1003,10.3829799,9.516389264,3.1439313
1004,144.0508289,9.89692797,21.01891633
1005,133.840788,29.8451562,46.35913418
1006,158.7128037,4.760755996,2.93843775
1007,148.1947145,16.65704264,32.79952145
1008,106.5189299,6.668449301,17.12704175
1009,74.78182217,6.990993125,17.40251969
1010,39.18395747,23.57090089,28.41126207
1011,2.37328829,3.029301576,0.12214147
1012,71.92113865,15.03902734,39.46228241
1013,99.48313832,11.54323679,36.58982838
1014,55.11617569,16.07341405,32.16189942
1015,106.8669027,29.20901486,50.39549257
1016,102.7997188,11.07418328,35.22254984
1017,141.8973721,13.23794024,30.14922147
1018,5.433108257,8.927063165,1.62993248
1019,32.56455793,11.04537597,13.59388712
1020,168.0245146,5.127247474,1.87251532
1021,94.4774238,22.44599337,50
1022,76.78518635,22.1230177,51
1023,65.22714272,13.96299655,34.53956446
1024,128.4864527,19.2853333,49.03616813
1025,65.00499039,23.12039276,47.28381094
1026,176.0421573,4.278112329,0.45082052
1027,150.1009367,14.33209155,27.60194504
1028,107.4863986,3.268192172,6.26245409
1029,157.430413,10.17795416,16.29476605
1030,127.132735,15.44075909,43.16824469
1031,49.69129718,7.410038714,13.55665014
1032,74.08124161,7.477590672,20.13791331
1033,104.2050877,6.74807711,17.70521472
1034,157.3648514,20.14791557,28.05365003
1035,103.8112272,17.04932777,48.09865554
1036,16.42260303,10.06228243,5.62018319
1037,5.033125797,4.656077387,0.50331258
1038,107.2737907,14.17460843,42.34921687
1039,142.0387801,28.49874345,40.36897592
1040,4.116579818,6.166024929,0.48000347
1041,84.29484465,18.27076379,48.12973272
1042,141.7294632,27.00525353,40.11905619
1043,42.95900836,23.30999807,31.07130585
1044,66.06049825,21.60819955,47.21914756
1045,91.98326937,24.77691377,50
1046,41.73936597,16.06220004,24.10581962
1047,120.6239722,29.76661143,49.94488418
1048,35.79182696,19.72417228,23.8364877
1049,172.7899723,5.324459026,1.19847209
1050,164.3705759,2.634312764,0.88009879
1051,95.6871058,14.29942468,42.59884936
1052,90.19634923,14.21172145,42.42344289
1053,119.0681705,16.42037659,45.93393612
1054,39.48816102,9.291451555,14.08671596
1055,92.06940345,20.47861665,50.76069167
1056,86.49541078,24.43190765,50.35045892
1057,105.6100938,25.55784811,50.12402568
1058,41.18474391,25.17076909,29.82932074
1059,30.8639232,25.2033676,22.0550433
1060,124.1624264,14.31704162,41.2178406
1061,64.28459064,25.78492312,46.48913513
1062,169.5530487,7.612320835,3.77377397
1063,173.0344497,5.934940156,1.37045118
1064,80.32513261,25.50340516,50.96748674
1065,42.51047269,20.44291403,29.20024491
1066,26.89389353,21.34281634,18.49713364
1067,108.3217508,28.5337868,50.7331066
1068,168.9067421,4.867864705,1.59069814
1069,97.5863964,15.8569851,45.7139702
1070,17.57633843,8.701135332,5.53850346
1071,140.841466,27.47328201,41.06346823
1072,2.405613854,3.111640254,0.13370886
1073,113.3044696,21.47997643,50.73998821
1074,68.8435656,15.84639706,40.00781507
1075,11.28077482,11.42079453,4.31369308
1076,146.6831007,18.00767788,35.32694178
1077,7.760087247,6.556702587,1.20801479
1078,67.32758758,22.91613559,48.98448467
1079,21.99454724,25.25861379,15.47011956
1080,73.5743358,14.28005395,38.27497506
1081,45.29339766,24.0146297,32.70537836
1082,62.74044862,8.606638036,21.11853368
1083,141.1276362,28.07714043,41.09789105
1084,133.601074,12.2977146,31.33671676
1085,63.06850135,22.8609137,45.75317219
1086,120.3344311,3.707619821,6.38668559
1087,63.68342065,2.765629546,4.2894511
1088,38.83055407,14.56612214,20.94829671
1089,49.16332434,17.0238782,29.52187281
1090,37.4319113,18.34313913,23.75822533
1091,117.9251878,18.57705825,49.43614597
1092,126.2047295,16.48815567,45.20439469
1093,40.25007633,7.134688235,10.03561202
1094,134.6905877,3.204184561,4.05480141
1095,117.3491122,10.98043723,34.20640047
1096,132.0789634,7.30258674,15.82633799
1097,37.32389013,23.4515008,27.05333088
1098,169.1662317,23.6867679,15.20718144
1099,14.3111684,12.35093452,6.33105146
1100,107.6558007,21.02214451,50.50588114
1101,129.475506,12.50504733,34.22945745
1102,132.0520158,14.05325019,38.86982741
1103,169.4218682,29.25112282,19.08806682
1104,174.0108029,11.97551168,10.96277693
1105,123.3900235,13.89030355,40.36723003
1106,45.07484196,3.500869672,3.88170349
1107,157.2670194,17.0416472,26.95473362
1108,106.5454081,25.76673809,50.07633972
1109,170.3992955,5.08821257,1.48245081
1110,138.259853,12.81205788,30.78293112
1111,87.4722814,10.16741658,31.91299772
1112,65.29283684,9.662338619,24.35245265
1113,98.20778783,18.09057364,49.87418196
1114,26.65045915,21.36994419,18.3402935
1115,74.39340792,6.14774378,12.31684145
1116,53.07015007,5.030358955,7.01072127
1117,9.919005212,5.730414859,0.99190052
1118,5.340392902,2.614219848,0.16400877
1119,133.3994315,8.337785528,19.82247674
1120,130.2152108,10.4552902,28.04724202
1121,8.646089614,8.502075979,2.59382688
1122,76.47602739,19.25283309,47.41638878
1123,169.3237084,26.99015078,17.06040708
1124,67.29417654,17.49667796,41.62152287
1125,139.8884585,20.87619736,42.09411981
1126,68.01170681,24.19532583,49.58877651
1127,91.90595054,23.96664232,50
1128,118.4720899,16.53308841,46.21896783
1129,89.29260266,6.176189115,13.99262674
1130,101.8975581,26.9351817,50.46759085
1131,49.47324729,19.35411747,32.67946033
1132,99.97819561,27.96864188,50.98432094
1133,95.84363492,22.85477932,50
1134,31.69936862,9.941165615,11.62091306
1135,146.5680721,24.10454112,35.44832068
1136,103.2211338,28.4045596,50.7977202
1137,73.52371546,18.58417549,45.83045446
1138,164.4101922,13.14995546,17.26626088
1139,22.98963445,18.570242,14.37786511
1140,22.46293011,19.62365775,14.53587996
1141,45.14045738,21.52079075,32.11911091
1142,140.8183077,8.193197841,16.34886935
1143,37.23776551,23.4958913,26.99681254
1144,104.3619917,20.20999778,50.55040279
1145,176.1870798,5.921329698,0.74758586
1146,100.0776227,11.80645679,37.41937037
1147,31.30109162,12.03704264,14.55988908
1148,14.52593981,27.56092097,10.16815787
1149,80.9693449,11.70240577,34.4498834
1150,152.2558508,11.50018449,20.3479364
1151,11.01848703,19.27535726,6.67603896
1152,82.45779215,9.185673295,28.25559709
1153,147.4521724,22.64638453,35.55656518
1154,30.10998985,6.930923186,6.88820417
1155,43.85242945,23.69828376,31.69670062
1156,4.279897969,4.845815744,0.4279898
1157,63.79922858,18.57461718,41.14146292
1158,82.54462526,21.24863267,50.28096239
1159,134.1425876,2.879336707,3.72260984
1160,128.7839165,8.411971252,21.92833279
1161,139.8321654,18.64069614,40.76355691
1162,41.34453973,16.95818186,24.7649057
1163,8.292747521,11.91325747,3.28113231
1164,135.7952082,4.276127812,5.39321398
1,172.4419878,24.40758285,12.05576805
2,175.1451539,13.91277983,11.84812554
3,95.61047846,15.86066666,45.72133331
4,79.78528304,20.4084818,49.37430921
5,58.22154835,24.31678592,42.44701514
6,117.4274312,4.336289878,8.09798157
7,88.4720254,26.74289492,50.46748869
8,115.9931617,10.29540437,32.28689694
9,67.29309491,2.455772485,3.84985833
10,163.8688242,25.09478076,20.0654486
11,78.68466636,4.854331798,9.57713023
12,127.8600733,19.39494373,49.2218932
13,127.8569428,10.77533714,29.87864534
14,26.57137462,28.05136595,18.59996223
15,151.6509726,7.001338609,8.50850303
16,115.8249189,28.52423317,50.30807231
17,22.14233379,22.45808331,15.54870202
18,137.5201229,19.55581822,43.48464405
19,36.69110059,19.00438579,23.85287557
20,60.78888628,11.43620253,26.96271085
21,93.09147252,9.110025947,29.02265733
22,58.01567936,23.93036521,42.38463498
23,168.3735906,21.34981827,18.62621836
24,117.9453099,17.05028598,47.30604097
25,112.5219652,18.57480568,49.82028548
26,179.8356029,13.06386227,8.62287449
27,150.4436723,25.62644005,32.41391498
28,42.13490629,22.70726686,30.49443441
29,168.6652192,19.06723622,19.47195481
30,5.132292898,23.2106864,3.59260503
31,113.6106743,11.89820227,37.33353937
32,135.0900917,2.927921424,3.6467127
33,50.50721498,15.35713369,28.34002952
34,54.24963405,6.346889061,10.31119063
35,122.6455584,9.357934458,27.69454723
36,69.43229049,10.27394969,27.58698908
37,19.09799259,20.8705339,12.80386176
38,10.86231319,25.52397924,7.60361923
39,130.785483,14.13919811,39.80163955
40,93.23931592,11.92474376,37.12360207
41,15.83552375,3.577142403,1.37212358
42,176.4091301,24.02117824,8.2491587
43,168.0748898,16.26817003,18.61574717
44,18.13903703,29.43658464,12.69732592
45,8.495993306,17.31668592,4.80732439
46,13.86796115,3.655269746,1.21443099
47,177.0407361,24.67696737,8.2401386
48,61.11467868,10.39659702,24.45946794
49,98.55994248,26.49459076,50.24729538
50,56.04998668,5.144336826,7.66766503
51,15.22214254,21.09219422,10.20159689
52,14.87301676,5.866786013,1.94214565
53,96.69667445,25.09382545,50
54,23.56728959,21.23124332,16.11272437
55,26.17442217,27.21772096,18.32209552
56,77.49248482,23.74507771,51
57,179.0984157,20.89219633,9.36532773
58,103.4934129,9.458833587,30.28197487
59,49.69176624,11.9742634,22.79480656
60,82.84241583,2.387962289,4.1990098
61,63.38918838,14.76938005,34.97904296
62,75.78678148,19.09293153,47.05920394
63,1.514398072,6.82348812,0.27614869
64,79.0275938,14.41202569,39.62957015
65,9.534627697,22.2784555,6.67423939
66,86.75683905,13.52121741,39.90773369
67,12.23177342,21.8683579,8.49642034
68,170.4095439,25.91578352,14.62853215
69,101.2157766,10.73502149,34.20506447
70,62.74326152,14.05659735,33.46428985
71,32.41560552,6.088291576,5.45013535
72,14.52228882,17.16986471,8.29830565
73,131.4324376,11.22423597,29.39993281
74,151.4385742,11.81665576,21.14955397
75,95.90209475,27.06102898,50.53051449
76,23.32741849,28.43008376,16.32919295
77,68.15772285,14.93137787,37.85582436
78,93.01096245,12.26317964,37.91942413
79,151.8746124,15.1777157,28.12027592
80,89.66924968,15.17924165,44.2592582
81,70.37334395,29.38525704,50.30737148
82,1.41409159,15.95540998,0.70704579
83,127.1365859,20.95608418,50.47804209
84,18.61249732,28.97622111,13.02874813
85,76.72479848,7.851720525,23.10218747
86,25.5893678,23.7513463,18.40200339
87,0.303767861,14.38899049,0.15188393
88,98.00317631,21.06431327,50.46784337
89,79.47398481,4.674821116,9.29704071
90,89.63473633,7.039926855,19.22202714
91,78.83130918,3.022064384,5.4954371
92,128.6699019,5.938717329,10.13937868
93,47.43699513,22.80903392,34.20589659
94,36.9409955,26.60729603,26.5527964
95,130.2993685,11.77580465,31.29318321
96,3.445490006,7.133007931,0.73492575
97,58.87544287,13.79967122,30.93587223
98,60.52864355,2.39489732,3.60278398
99,91.26763445,15.00338214,44.00676429
100,95.73733985,4.942284378,10.35571095
101,45.60367209,7.265100379,11.90304613
102,109.9172985,24.18205839,50.90145348
103,160.5962943,10.90803035,16.06389838
104,165.0342424,19.12592229,22.19262201
105,67.62943455,9.692156299,25.31865275
106,109.4095116,12.69816619,39.39633238
107,58.37758246,12.1220165,27.42292615
108,60.61527269,23.46726789,44.1807136
109,128.8972326,2.101641337,3.15806634
110,81.71009064,8.712406143,26.90284326
111,67.31660215,15.08749143,37.68737532
112,111.4440382,9.078705876,28.63106674
113,5.81232711,11.5380465,2.1906796
114,41.36625686,10.76694207,16.74930785
115,145.4935294,3.5004642,2.95111126
116,35.80735702,17.19464547,21.67905969
117,148.1039624,4.073601913,3.30698423
118,154.3740183,14.69391303,25.61165568
119,84.57511228,12.01460495,35.94757331
120,117.0882374,12.72749826,38.74617278
121,155.3486554,13.84902581,23.49412216
122,65.32433058,11.33498166,28.82258056
123,26.07585797,27.26765256,18.25310058
124,17.62803342,3.618040069,1.57182338
125,79.50660462,6.820500337,17.24342955
126,23.49930044,13.8939091,12.02797261
127,49.46128701,24.30773717,35.62290091
128,107.2800843,7.471870634,22.03139201
129,42.99414726,11.44967763,18.58920276
130,17.78344998,18.60516194,10.90558237
131,142.7383,18.51013787,38.52348236
132,12.1332778,25.67331483,8.49329446
133,46.50255327,6.359179606,8.6744185
134,112.9550067,24.40399244,50.79800378
135,137.632797,12.03806099,28.32131986
136,156.6032485,11.72722547,18.94953881
137,63.08289751,23.4770758,45.97717224
138,168.9658767,25.22491374,15.54316785
139,179.7714542,7.158881286,0.07219491
140,53.34334807,4.395729167,5.99408157
141,35.69653609,5.392088444,4.96174205
142,95.14942813,5.272095444,11.18023861
143,36.75467024,11.52441002,15.98848312
144,125.488649,9.777084408,28.02433584
145,136.9687233,10.67548915,25.66586872
146,97.92640822,12.52485491,38.89676738
147,69.79952802,24.33158204,50.85634597
148,19.29465229,10.54510951,7.24374584
149,171.9851584,21.40189352,15.51241067
150,21.67667683,12.21907325,9.96624079
151,117.0400593,27.44018472,50.21314307
152,9.175204986,29.8325036,6.42264349
153,132.835701,23.72391066,48.44786912
154,117.0281959,18.58059299,49.50120647
155,99.04767424,19.07924416,50.49577911
156,79.98777571,21.55000996,50.54945988
157,12.84947492,29.79600364,8.99463244
158,46.43675938,12.59081196,22.10459763
159,30.96677335,19.12632496,20.19767154
160,172.3673629,29.13622759,16.67422345
161,169.9293225,24.13556019,14.13138987
162,131.2756462,13.42635379,36.97661593
163,144.6163417,27.90779057,38.26082189
164,13.98859411,5.674120654,1.7327288
165,19.80051236,11.3603006,8.26693738
166,155.5742941,18.94359226,29.30679721
167,136.3219274,26.14963755,44.35756522
168,30.21084536,18.4329993,19.34757166
169,71.43125533,15.27474903,39.83574913
170,82.54959821,20.57560547,49.86539071
171,123.2609501,23.71924842,51
172,160.1972678,27.8970584,25.7382288
173,109.312409,17.54086172,49.08172344
174,142.4381204,17.62666074,37.77881914
175,94.4733691,17.68260624,48.9002553
176,49.51106963,4.551974744,5.76557522
177,15.81614808,13.9679415,7.89204479
178,71.00487203,22.16109047,51
179,122.6514395,8.316791522,24.04819453
180,68.8380876,17.55550739,42.63611364
181,179.0002025,17.22686297,12.27464068
182,42.94608106,28.33484037,31.06225674
183,139.2409614,4.061383337,4.2745744
184,6.012396115,13.70136047,2.9164211
185,114.5022062,25.0712604,50.4643698
186,6.841174099,4.045802853,0.68411741
187,49.47128033,19.6010954,33.04208477
188,113.5301608,7.659398677,22.60337598
189,44.69317076,23.18780568,32.28521953
190,76.14029148,28.98713619,50.5064319
191,54.46984524,22.37605299,39.2129366
192,114.685496,22.4672279,51
193,95.31883144,8.94647731,28.59284607
194,81.04565685,15.97555521,43.26480747
195,178.7217203,24.81754519,6.91574433
196,95.26287851,13.59914008,41.10333405
197,97.11069389,16.74263556,47.37798604
198,148.5497634,12.85029641,24.97417241
199,39.56853565,4.572996461,4.52985003
200,138.837432,2.90304335,3.07179262
201,10.50506842,22.49457785,7.3535479
202,41.13630108,14.31670377,21.90284785
203,103.9387973,24.07657843,50.37879839
204,134.8413538,11.60311282,28.68317873
205,21.95917285,26.22328122,15.37142099
206,1.273171774,9.39723646,0.38195153
207,64.98083625,5.952716355,10.40351634
208,59.55109194,28.82092734,42.68576436
209,117.5511463,12.35957121,37.96402779
210,158.0657105,29.80385771,28.27490128
211,41.79084298,25.5788235,30.25359009
212,117.538536,12.43704238,38.12023116
213,51.84571446,2.186113134,2.46374115
214,48.00924005,5.720557986,7.21050009
215,132.1977404,19.01815036,46.87692575
216,97.83938925,21.34909059,50.3254547
217,78.29029287,13.59867517,37.85540891
218,152.1836653,18.26542506,31.57516683
219,175.5781567,24.43183644,9.31601973
220,176.0627221,21.00698826,12.04005599
221,179.2501397,27.26822226,9.50222161
222,35.59905637,12.93906649,17.44158334
223,95.69877483,9.601349327,30.71831367
224,99.83616107,13.73851903,41.47489603
225,55.12237337,2.29736333,2.95828233
226,135.5931388,6.267038803,10.06720775
227,84.09393179,7.450234518,21.53905949
228,139.8182699,26.07060645,41.19821872
229,143.3992841,29.75176938,39.28057274
230,161.2365374,10.09174831,14.51935377
231,35.57710509,5.888933789,5.4466443
232,34.60996665,14.35863592,18.56696626
233,38.58510186,25.88228581,27.87640917
234,15.78459657,14.34558656,7.99225223
235,86.91820638,8.45641411,26.45679198
236,6.134936762,23.83274554,4.29445573
237,98.89749279,19.58177363,50.76783194
238,54.69091476,10.57760525,22.16705125
239,126.0632003,3.112717962,4.88810433
240,121.9751022,26.95684513,50
241,102.8677966,22.18189657,50.28677966
242,166.465962,14.14717086,17.29359902
243,139.2705464,11.56910192,26.48721461
244,133.1417781,29.74438707,46.88840782
245,91.3910175,8.535276609,26.97534093
246,83.39121861,4.755451969,9.63899908
247,41.20713017,29.9756896,29.84499112
248,104.455732,8.374450193,26.76119986
249,72.83348514,29.64176747,50.17911626
250,177.8197512,17.21535908,13.04831808
251,89.21755985,11.09990265,34.59326859
252,111.6069078,3.242566259,6.00658118
253,51.61140808,6.416270043,10.02090083
254,163.7315912,14.03518549,18.80725863
255,132.0890546,23.69228252,49.11985083
256,66.08176607,12.41021257,31.86130817
257,112.4711176,9.944696934,31.55932751
258,76.19617293,13.99787908,38.23499275
259,94.42140206,5.284713962,11.21178491
260,51.99844563,7.159767523,13.15464584
261,95.60416229,10.82302427,34.28817875
262,127.8616129,2.279279774,3.44878007
263,168.6403046,29.66176656,19.91863957
264,165.9437678,25.21420905,18.25771349
265,47.06186169,22.64862576,33.94330318
266,26.65333877,16.36235392,15.29372339
267,160.26328,8.775405984,10.59840151
268,132.319382,24.0926882,48.86621212
269,51.50900242,25.38780965,37.10249153
270,7.233371276,27.52352931,5.06335989
271,16.7156495,27.42187995,11.70095465
272,104.6557168,27.33720176,50.66860088
273,15.73070238,23.73069542,11.01149167
274,86.74775903,9.806860012,30.73637562
275,93.26264275,14.67062868,43.34125736
276,147.8220433,4.219998367,3.57175057
277,118.563269,29.77406538,50.01623036
278,144.2177719,24.73121694,37.72503029
279,49.20198658,15.44596045,27.71223917
280,109.1891107,27.8695896,50.9347948
281,54.4562149,2.557492499,3.28186024
282,161.6453543,25.81876464,22.42856344
283,179.9883923,9.725837754,5.18215633
284,50.46592467,10.96290992,21.13462189
285,93.63755357,17.59520371,48.68293751
286,100.8292406,15.16239838,44.32479677
287,15.53836888,28.00904229,10.87685821
288,151.8055987,11.96844353,21.23042583
289,105.2085432,20.20898335,50.48350388
290,116.5985806,14.1215949,41.58333175
291,42.62722832,5.887637482,6.39832305
292,141.2011072,15.4423229,35.40932853
293,100.1029366,20.3808038,50.80322431
294,79.51707027,22.45101441,51
295,27.10266155,26.69283885,18.97186308
296,48.34924706,15.66840977,27.53953157
297,138.2694082,13.39677261,32.87486223
298,42.64162495,4.816496824,5.18850324
299,1.02397151,19.87234488,0.61438291
300,7.142335614,11.42876534,2.65293676
301,11.72045482,27.1611204,8.20431838
302,172.4545053,23.07539093,13.17785886
303,37.3432051,24.58500694,27.0625314
304,103.3457316,12.11362328,38.22724657
305,175.9580252,17.15318976,14.23483799
306,1.435359172,14.49575201,0.71767959
307,109.8403942,28.31712568,50.84143716
308,143.6082147,25.02200385,38.24954432
309,59.74727242,13.85502346,31.56024234
310,122.0192455,23.18433128,51
311,111.2511489,10.05340242,32.03509239
312,124.1220151,16.73007835,45.8974855
313,0.81827505,8.858816102,0.24548252
314,149.0759888,23.80782319,33.09843066
315,145.4218935,18.41068008,36.50402144
316,127.0994409,15.83856595,43.9671878
317,34.37669253,4.603903347,4.0415726
318,18.60211467,5.436502172,2.47805929
319,120.6785856,13.58317341,40.04191777
320,44.34974408,2.636686177,2.77515727
321,148.1186957,13.62827738,27.31767413
322,88.60282265,5.080424951,10.62558511
323,68.91576177,11.37336581,30.61194936
324,88.11821621,10.84968044,33.74784434
325,42.6341284,9.093357741,15.02759849
326,150.5772599,8.80782615,14.59648758
327,68.75212143,11.59395095,31.18324855
328,91.13912315,17.01753963,47.5842646
329,91.40376949,28.35694473,50.82152764
330,49.12785885,6.263710235,8.86891308
331,128.0130368,8.218528696,21.55963571
332,179.6593217,3.730054016,0.02946959
333,151.8163642,6.526637296,7.12098253
334,43.97751506,13.21346961,21.80896195
335,44.38821454,11.77595989,19.8088903
336,47.05015145,22.46900451,33.93510601
337,16.9711117,29.69149084,11.87977819
338,86.24814578,7.008518291,18.86511501
339,159.2205464,13.94500893,21.38089924
340,24.07362247,10.15685895,8.81825715
341,91.04127784,5.147562147,10.86890537
342,55.06705718,3.531948467,4.80462842
343,152.2133187,3.938278434,2.72377704
344,28.5332619,25.69970424,20.10140845
345,110.0437858,12.12280438,38.24123017
346,6.124224201,7.782028437,1.70377659
347,168.3677192,21.47387229,18.56888848
348,88.79173571,18.1054898,48.86383694
349,172.8929188,18.89510704,16.26845611
350,86.50728268,20.42342536,50.31157962
351,115.2335933,28.17201592,50.43564578
352,83.74477716,8.103834492,25.29846993
353,132.9849077,12.58888652,32.77520364
354,86.63933657,23.44746215,50.33606634
355,143.4773261,4.848561276,5.20185372
356,106.3886094,17.26198208,48.52396415
357,169.0037302,12.66694711,14.19830497
358,82.96400669,10.38031804,31.54359644
359,65.33856367,4.28214948,7.09815533
360,53.4091203,29.76279018,38.38638421
361,133.1681057,12.73630446,33.2445305
362,174.0949607,17.80271392,15.9766354
363,72.49838392,24.15139981,51
364,105.1061318,5.904009882,12.7600247
365,74.88923135,2.17539117,3.39365874
366,140.7430346,10.76475258,24.20387945
367,139.0720372,19.22967514,41.93630371
368,105.3408971,9.613728133,30.73803249
369,106.4525782,27.94675016,50.97337508
370,45.06241482,18.67611628,28.88470422
371,96.71693888,27.84641113,50.92320557
372,15.50092078,7.705637436,4.27495041
373,134.0161533,11.81652723,29.57008415
374,123.6006987,14.13040006,40.90073025
375,160.3857371,4.716677798,2.66428162
376,105.9674046,21.3379133,50.53268989
377,23.40696984,22.69242573,16.50283257
378,100.0937867,11.5602338,36.68070139
379,163.2070105,14.65886534,19.95844232
380,81.26962464,16.95218521,45.22481193
381,164.4017845,17.78334711,22.70209799
382,120.2635475,17.49855325,47.95100475
383,78.74399514,29.40150954,50.29924523
384,87.26537171,29.31932769,50.34033615
385,15.10946846,27.72123361,10.57662792
386,66.49345251,11.83413557,30.77821354
387,94.72320715,29.93819296,50.03090352
388,81.2895542,2.024720745,3.18916334
389,160.9355163,25.31932159,22.81769609
390,4.932016382,25.61674411,3.45241147
391,0.211620859,7.645109383,0.05597603
392,162.4119448,2.580394628,1.04900283
393,0.901929062,20.80562725,0.57748837
394,77.30136547,26.2193106,51
395,163.9034665,10.89102619,14.38480602
396,109.1241514,16.62853484,47.25706968
397,65.13969985,13.08318396,32.73621785
398,6.248460734,7.565897943,1.60329125
399,56.41642895,22.13130135,40.53362455
400,122.1772653,16.55032408,45.82301157
401,78.50296769,24.46873353,51
402,90.21339567,3.465043316,6.93008663
403,162.1146962,14.44508728,20.35175197
404,81.02038112,28.2888408,50.8555796
405,21.29772592,11.38811755,8.99727772
406,64.73248023,10.67250588,26.73338783
407,27.15009897,10.96352828,11.168034
408,149.04003,4.614800283,4.04770692
409,52.658965,19.66938731,35.36535647
410,84.1139038,4.490220478,9.08127695
411,79.78127903,12.72651041,36.40927663
412,112.735499,27.08322276,50.39345364
413,166.7400046,18.19689045,21.21564464
414,37.14223675,7.667445431,10.83550804
415,33.21552027,17.12495609,20.05426825
416,87.19312839,7.595597126,22.51682741
417,3.898498031,15.6229631,1.94924902
418,54.16128082,15.59170782,30.88433023
419,121.671537,23.05937546,51
420,151.8913229,24.13847397,30.36704636
421,62.51382319,10.33032724,24.87286658
422,104.6958302,28.68343998,50.65828001
423,9.832902053,23.69551174,6.88303144
424,83.41668804,25.24273723,50.6583312
425,34.2460314,18.28314919,21.74930645
426,143.7743837,25.98032295,37.98290471
427,58.13459585,25.34565201,41.96035992
428,90.54811332,8.557930392,26.99227725
429,136.8642886,16.15097684,39.42146328
430,70.9336567,25.37652345,51
431,11.86559009,12.23111093,5.04835051
432,102.5958558,29.69986567,50.15006717
433,149.2466223,12.07063771,22.5586048
434,156.0333824,15.60791899,26.11074901
435,148.7652492,8.676296944,14.86093961
436,59.48927097,3.736601326,5.55382908
437,160.9710892,20.65272496,24.89676616
438,32.20148993,6.127307181,5.51680318
439,149.114045,4.368306557,3.65737049
440,24.763527,15.64874834,13.68249037
441,57.98214213,22.7694329,41.89458563
442,143.0268073,19.89365295,39.48830172
443,15.6058961,10.50649417,5.63757321
444,162.4772241,20.67770593,23.67936774
445,127.3106248,21.08476479,50.5423824
446,116.997511,24.46173009,50.76913496
447,42.1222805,5.700324967,6.09298134
448,35.78488563,10.75828224,14.45137761
449,98.97523819,25.1847113,50
450,72.83355696,22.57392482,51
451,166.3483496,17.28545294,20.84160824
452,3.577454996,27.73773414,2.5042185
453,41.3887946,28.10203156,29.97215622
454,50.09771263,8.680335979,17.05314163
455,26.68094658,11.64192079,11.86277868
456,82.66960249,13.85030961,39.48151928
457,43.98523231,10.40276128,17.27848971
458,33.00405944,26.15548238,23.40324755
459,99.00708807,22.95589678,50
460,21.20859506,21.60365243,14.64784275
461,97.92254405,11.56990167,36.54663492
462,11.98724348,16.05458321,6.21963769
463,161.0734616,16.94713457,24.19571142
464,30.6994179,17.42470544,18.84435618
465,154.5161883,13.2170857,22.6865801
466,115.7851971,10.72912356,33.60885099
467,135.4379092,29.43068896,45.32332596
1626,129.5301345,10.08376483,27.39932616
1627,163.3613389,5.403079688,2.83113448
1628,161.3252454,15.39689245,22.2076302
1629,73.72213929,14.00998186,37.76439159
1630,68.36437031,8.208496382,22.0135009
1631,8.956288577,12.1215025,3.636926
1632,151.815987,3.870201387,2.70038831
1633,60.42460112,25.17330555,43.73547735
1634,44.47289969,20.66668506,30.79771484
1635,177.2051582,21.11539534,10.95765997
1636,25.57407666,5.232808226,3.51740016
1637,141.9020652,2.892011561,2.70180504
1638,10.16431062,6.049143522,1.08240939
1639,0.613594625,7.734471699,0.16778571
1640,59.78657436,28.04020541,42.85060205
1641,34.00127291,3.026234589,2.42636188
1642,64.52740865,2.589612015,4.01788875
1643,27.13496656,15.95190573,15.2569328
1644,142.8908832,26.90855375,39.14157028
1645,128.1188027,16.69243732,45.29190627
1646,27.57820594,10.32717878,10.48243256
1647,79.37846058,21.5332615,50.50425186
1648,150.7796881,24.86361062,31.73008606
1649,57.36277188,16.5778048,34.20818018
1650,45.50263365,6.106419068,7.50227273
1651,142.8669401,10.1913259,22.20844976
1652,92.93560771,17.44876954,48.38580526
1653,62.72028399,23.05241426,45.55929104
1654,99.29281183,10.14569141,32.43192268
1655,159.3190883,13.20509064,20.16205665
1656,49.84905895,27.98298445,35.89434127
1657,175.4488403,15.25106733,12.98176316
1658,101.758355,17.08085528,48.16171056
1659,117.3644078,16.8317931,46.92714543
1660,37.66666677,12.80433095,18.17932452
1661,116.676782,2.579883116,4.25612013
1662,64.3245346,20.96747307,44.9805809
1663,97.71822824,23.26011655,50
1664,7.242143424,2.914748101,0.33123685
1665,35.1018299,21.72000903,24.87004512
1666,84.25059178,7.543327612,22.12868587
1667,77.1024822,28.95810329,50.52094835
1668,14.31144146,26.9527172,10.01800902
1669,47.60469741,11.92610681,21.66341214
1670,50.72511221,10.70373725,20.72303381
1671,178.5167813,18.50550518,12.35497281
1672,29.98209313,5.270084035,4.26715619
1673,71.23193805,2.67870011,4.39920604
1674,79.61494438,19.32340588,48.23336844
1675,23.54022561,28.76635074,16.47815792
1676,145.3919419,8.294034271,14.87234319
1677,56.61862622,26.11751955,40.63303835
1678,54.35597452,5.000116631,7.15359653
1679,138.9870184,15.72891777,37.2887337
1680,111.8239457,2.501254184,4.20742244
1681,170.9935857,27.09955893,15.85446982
1682,138.637416,10.39963385,24.37152805
1683,36.81715353,18.02896146,23.11464458
1684,157.8035068,3.785292228,2.08871523
1685,136.4788783,3.89966787,4.58622812
1686,169.9798566,20.04540343,17.99341297
1687,111.5768008,27.69928461,50.71567064
1688,92.0573552,17.23280497,47.97602334
1689,53.30776583,19.78509979,35.99308578
1690,53.19162917,21.19439544,37.42853585
1691,166.4294842,23.34974569,18.07275854
1692,36.86955916,16.64414333,21.76587883
1693,53.25174137,20.95405886,37.23027782
1694,90.67318784,28.82155365,50.58922317
1695,138.0534797,3.72542269,4.08800324
1696,84.44019082,10.64407221,32.4982187
1697,100.0681643,15.5034286,45.0068572
1698,104.8743875,23.86725625,50.48743875
1699,105.6397441,16.05970393,46.11940786
1700,70.01787757,15.42426144,39.85209838
1701,48.97713301,7.923613541,15.39150073
1702,3.143414619,11.19688273,1.13113932
1703,169.1962241,17.983397,19.54604012
1704,108.3876221,22.15281143,50.83876221
1705,88.09695656,29.68902106,50.15548947
1706,25.77925307,22.03342525,18.0551358
1707,111.2914065,10.59871943,33.66701763
1708,111.1528053,3.554172602,6.79584858
1709,93.75194354,2.526925327,5.05385065
1710,159.71095,18.0912647,26.20365403
1711,5.647718043,7.196138962,1.24031736
1712,33.38292477,19.33436167,21.92263795
1713,103.7168781,14.26072917,42.52145835
1714,97.9779127,4.689401013,9.72350253
1715,28.35438547,14.02986099,15.02756177
1716,131.0471302,10.75488996,28.42884944
1717,158.6417408,12.69420878,19.67890841
1718,47.51602859,5.840089009,7.28319995
1719,8.925613451,2.732524804,0.32691166
1720,1.87818699,22.15739629,1.31473089
1721,71.36303058,10.46656869,28.77681788
1722,115.8934732,13.73816698,40.88698665
1723,93.24613947,8.75169872,27.83355352
1724,166.0079959,18.38180398,21.67970902
1725,76.86517643,9.521981949,27.8645078
1726,55.96734873,18.68865865,36.21013209
1727,67.67553669,14.53521907,36.84600163
1728,0.503227995,29.87106879,0.3522596
1729,104.5033857,21.40633464,50.47982084
1730,103.8701723,19.16683932,50.3576262
1731,167.6443171,8.492403723,6.4774817
1732,5.294282591,8.934992963,1.58828478
1733,117.6725874,19.04328696,49.63297678
1734,71.99016425,8.427229344,23.66512263
1735,33.70736735,6.633060077,6.98890483
1736,27.75518955,29.34727984,19.42863268
1737,32.63298183,14.15515561,17.41449482
1738,6.644665057,10.9541822,2.31041057
1739,3.361137508,8.028408052,1.00834125
1740,8.412465693,3.997462599,0.84017928
1741,137.993352,13.74454644,34.28427106
1742,110.1565224,3.318374502,6.2856185
1743,118.7688053,11.21736582,34.77521693
1744,123.6966203,22.08908506,51
1745,137.7557184,8.918508378,20.11249195
1746,85.58887693,24.57232307,50.44111231
1747,16.76592794,12.13927908,7.45260351
1748,64.60261364,26.57593978,46.68209091
1749,96.82978427,28.58385233,50.70807384
1750,94.57152947,5.360213306,11.40053326
1751,167.7458393,22.83860212,17.63994255
1752,61.47390715,27.17252306,44.17912572
1753,44.5773732,11.49476792,19.41520668
1754,16.80755622,2.858552742,1.11003199
1755,161.233592,13.18041775,19.08102294
1756,84.22309837,5.050460193,10.32273022
1757,40.33132511,4.119712493,4.15482819
1758,176.8938726,4.052098494,0.31870397
1759,143.4847534,7.928681504,14.34567741
1760,130.6708867,24.47567476,50.15836463
1761,86.72178166,21.34940478,50.33320047
1762,116.7377623,14.0773056,41.48083497
1763,90.92461913,22.38618524,50
1764,67.71273068,7.445757585,18.39225609
1765,151.5872798,9.517221492,16.67536331
1766,143.7710297,27.337936,38.65214427
1767,12.78976189,3.193563732,0.87575805
1768,25.7689044,10.31155849,9.70898781
1769,114.0612956,27.86638995,50.55419691
1770,137.2009247,2.871486481,3.27336183
1771,162.5287498,23.67520741,21.08998369
1772,33.69955462,11.13115593,14.17655574
1773,113.3305883,24.44816998,50.77591501
1774,79.84663558,3.824617533,7.54755226
1775,72.1646503,5.126470409,9.46940585
1776,78.1468988,8.240751492,25.04594837
1777,7.220716449,8.115649824,2.16621493
1778,87.95329215,21.06868915,50.38440803
1779,134.4889217,12.12920617,30.24336402
1780,159.3596511,27.95494092,26.46866273
1781,157.1696381,19.02538502,28.12636389
1782,72.83400133,21.01424181,49.30784762
1783,91.99329409,4.343934289,8.85983572
1784,18.71624203,28.3452755,13.10136942
1785,4.328921799,6.860615258,0.8054458
1786,18.57111551,18.66494793,11.42763658
1787,36.61604898,22.05099044,26.30146664
1788,86.20041595,29.53574792,50.23212604
1789,114.5832893,23.59345567,51
1790,92.51373085,12.26331491,37.87656522
1791,35.79611047,15.76632055,20.29310496
1792,176.5607295,7.581900055,1.23191233
1793,88.20822911,28.41945211,50.79027394
1794,86.15654057,7.958498649,24.74301646
1795,127.2634005,13.2694185,37.75119577
1796,71.36095957,21.58062215,50.21831993
1797,79.40782598,20.73448187,49.65954118
1798,46.13971556,25.73629959,33.29780089
1799,57.26848104,27.50735741,41.08793673
1800,97.92768378,25.62192645,50
1801,121.760087,13.9926213,40.80663646
1802,81.85607082,15.82560983,43.2080409
1803,90.38450355,5.136567255,10.84141814
1804,36.48568233,14.00117271,19.24380781
1805,145.3074461,9.099943555,17.72682402
1806,166.7817027,12.23599115,14.8831143
1807,110.7536119,17.22808555,48.38080991
1808,75.73802662,20.98476339,49.55207225
1809,141.0310587,14.54554835,34.12470604
1810,5.080207677,9.874093245,1.5240623
1811,23.88186984,4.925269804,3.03041073
1812,74.12296757,10.56966117,29.82843904
1813,105.7033324,16.33688369,46.67376739
1814,50.16108934,10.5177242,20.10405413
1815,107.539559,6.880265076,18.38988247
1816,102.0256555,14.15296905,42.30593811
1817,38.86463986,13.44500842,19.63133832
1818,161.6561002,26.6158082,23.17631004
1819,88.51730153,7.352558043,21.0673502
1820,176.1046151,21.71180847,11.64994213
1821,84.14460889,13.29164618,38.67988255
1822,177.7795604,23.74236968,7.38484114
1823,45.47668137,13.37108166,22.79496318
1824,40.9193384,5.434157757,5.59201541
1825,70.44594414,21.50299666,50.02815688
1826,145.662044,15.31029023,32.3729506
1827,90.67582612,24.85079213,50
1828,92.86545765,11.44471413,35.81877369
1829,166.3364476,22.46365393,19.32029206
1830,4.643168636,2.731989945,0.16993764
1831,8.330358444,5.838918395,0.83303584
1832,56.9072842,25.99451802,40.83699222
1833,177.8456567,7.343666308,0.72034052
1834,68.32197338,29.28497564,49.12290205
1835,128.4253003,6.61854127,13.50504796
1836,48.37856734,27.12919423,34.86499714
1837,9.653327456,5.169962569,0.96533275
1838,164.6255876,23.92337009,18.93132395
1839,24.53488285,22.66963583,17.32625399
1840,126.9125097,3.262332415,5.08837058
1841,34.64890301,5.928268951,5.39315925
1842,78.13410351,25.06864949,51
1843,39.79585633,24.78492897,28.84908752
1844,108.1857745,5.595895993,11.98973998
1845,144.4732794,12.56415421,26.4855381
1846,75.13716074,11.69557419,33.19234892
1847,81.34918966,27.30032106,50.95280002
1848,7.514396326,14.10542595,3.75719816
1849,59.39353825,19.55670551,39.91053504
1850,110.7780565,8.309561955,26.00566119
1851,56.61942909,15.13082967,31.66790197
1852,33.78620741,27.13719178,24.02896593
1853,125.3841624,3.064650809,4.84268897
1854,30.52231387,4.008319624,3.06055101
1855,44.73376104,3.182603087,3.46251111
1856,5.765282962,9.498600217,1.72958489
1857,174.6682819,10.71972591,9.04428194
1858,26.34292863,11.7535678,11.84687702
1859,60.87364112,28.86181688,43.66126696
1860,133.5325368,8.765302303,21.26554336
1861,3.390948171,5.779682387,0.33909482
1862,78.29609522,26.76275603,51
1863,46.51328026,9.637312523,17.12451037
1864,136.9663493,17.35018613,41.14883466
1865,137.2813724,2.943209245,3.34328374
1866,27.57506649,10.70999209,11.00893055
1867,10.93793025,11.84032386,4.3816388
1868,135.8953915,16.82101022,41.10474126
1869,112.6153106,28.89825714,50.40680144
1870,14.22256112,10.00014228,4.68912563
1871,47.78703608,7.173150956,12.120204
1872,68.41733942,28.8157902,49.39053239
1873,155.9952346,17.20744402,28.01077978
1874,4.856808253,23.98263444,3.39976578
1875,48.02393959,20.38621082,33.00296854
1876,42.85254359,12.94571572,20.84484537
1877,57.01292059,12.55870257,27.54042099
1878,90.37808558,22.11600656,50
1879,81.4867776,12.51395826,36.36347911
1880,165.5029379,10.63706816,13.2041333
1881,71.94972535,13.92355616,37.23705738
1882,69.03180085,15.41918084,39.28555963
1883,169.2058096,20.63789627,18.31640421
1884,122.03187,24.46834888,50.76582556
1885,49.43631799,21.58405576,35.18947836
1886,120.3814728,24.02767448,50.98616276
1887,42.16007662,14.36018481,22.47912446
1888,2.436980248,23.16254402,1.70588617
1889,152.5013576,5.763630648,5.17473667
1890,68.89007631,23.25066463,50.18146817
1891,94.16726576,12.71506052,39.05538552
1892,28.26373997,26.86305056,19.78461798
1893,50.36302197,7.181145664,12.81862614
1894,1.029216338,21.61158708,0.70046339
1895,13.28279175,23.04270961,9.29795423
1896,156.0314115,5.633302626,4.35425678
1897,139.9116582,8.151553144,16.56577274
1898,141.1098315,2.350441383,2.23945824
1899,43.48446937,24.36116477,31.43912856
1900,106.386362,3.27985993,6.3297661
1901,159.7020754,15.5820117,23.57533832
1902,132.451525,6.580913096,12.27184817
1903,141.8085525,17.41211305,37.90534401
1904,141.8441642,9.542183115,20.65997524
1905,118.5811651,23.39678966,51
1906,81.21540133,14.14765174,39.65992388
1907,165.1625773,26.56498388,20.06450293
1908,121.360512,3.398284309,5.70144949
1909,159.630617,2.115785526,1.06003122
1910,2.106384304,15.14644894,1.05319215
1911,74.52956329,8.795956733,25.34876082
1912,121.8141862,26.54309365,50
1913,82.45479949,6.940708859,18.24462495
1914,122.5593327,6.073142568,11.90826926
1915,87.34510741,13.16086087,39.21707561
1916,102.8277273,9.567148137,30.64024506
1917,17.31616341,13.14128273,8.22872307
1918,144.8192632,10.00101629,21.0740824
1919,86.56460817,6.092233443,13.22570437
1920,69.68991821,18.89669685,45.1589962
1921,104.8160147,14.35130752,42.70261503
1922,157.1520501,24.03100803,25.57865894
1923,18.21040627,19.80389423,11.66677898
1924,148.5355396,6.275382341,7.15936775
1925,5.147051108,23.44776405,3.60293578
1926,104.5852131,5.527810655,11.81952664
1927,102.8608303,24.12608149,50.26804815
1928,4.106489956,13.72188365,1.99614088
1929,35.82152635,26.5550835,25.65722108
1930,80.98284418,22.58753996,50.90171558
1931,154.0703052,7.192410814,8.27782382
1932,75.8979692,6.161221501,12.57160312
1933,76.41121348,23.00139717,51
1934,172.7674837,23.16375085,12.7636384
1935,35.50696941,19.48838557,23.45819912
1936,78.38995691,13.63250078,37.94299294
1937,107.0876328,28.43967055,50.78016472
1938,169.0058705,17.90184444,19.59773506
1939,160.2738533,6.794716079,5.51289794
1940,19.2528183,28.45863779,13.47697281
1941,132.3679591,2.098198306,2.89887507
1942,159.2941875,13.60295938,20.79990297
1943,137.1401764,19.3666321,43.56392497
1944,10.98983112,7.580606008,2.85679888
1945,152.3433252,8.768056757,13.75086856
1946,44.556259,7.245088296,11.55270807
1947,114.8213041,8.522922398,26.34809798
1948,55.6956071,8.995795492,19.48595836
1949,13.47381152,23.09574009,9.43166807
1950,83.83751738,2.741356099,5.09489364
1951,7.403963028,7.587461387,1.91574684
1952,68.87173959,2.090984166,3.17683564
1953,44.55031928,23.69534841,32.18522349
1954,50.2586321,16.37641809,29.53646504
1955,17.26080296,16.45624165,9.5846026
1956,148.0823053,25.73681447,34.45303395
1957,115.9728754,28.18410395,50.36564199
1958,54.47827764,21.27121911,38.40601345
1959,62.1149768,28.73150543,44.61462559
1960,18.54935868,16.93220853,10.59571948
1961,16.49007154,5.433347367,2.1141335
1962,91.34968416,10.82723089,34.12390225
1963,62.3037194,9.311051246,22.46423302
1964,56.08045736,28.71987334,40.25632016
1965,79.89067528,6.425899006,14.75275494
1966,80.32438256,29.39351373,50.30324313
1967,172.6648899,17.26304167,16.49581436
1968,122.743151,25.29185559,50.3540722
1969,126.3964648,26.65261327,50
1970,9.450943059,28.95340328,6.61566014
1971,43.84870662,25.58881627,31.69409463
1972,155.0143671,26.66732558,28.9880432
1973,125.4112102,7.021477218,16.49387847
1974,174.3844065,5.355854656,0.94225577
1975,42.35348871,24.81856586,30.6474421
1976,137.3914017,7.169677026,13.50554951
1977,132.5865017,4.473496389,6.42969243
1978,78.80127605,9.702456931,28.89652514
1979,112.9294394,23.7513577,51
1980,145.7764069,21.38480835,37.3788745
1981,41.03819821,11.69183759,18.04085881
1982,51.48733279,4.970810395,6.67714478
1983,59.69557522,8.942650538,20.77962533
1984,164.9740601,24.21239822,18.62954507
1985,28.01676589,22.56383954,19.8377446
1986,71.92365629,28.42541762,50.78729119
1987,90.79700641,17.96031635,49.01859376
1988,81.02883011,27.09295302,50.95334014
1989,65.8298338,13.57847143,34.07185976
1990,131.6777645,12.41099485,32.77061952
1991,21.11810726,5.060765576,2.701496
1992,178.1204424,11.95420649,8.88968172
1993,99.59520387,28.61316528,50.69341736
1994,97.19864185,7.219732418,20.75741535
1995,73.01457623,21.31339274,49.83376846
1996,99.81445461,9.534386911,30.59884111
1997,38.13820168,23.04426329,27.60777172
1998,90.13089613,9.128417463,28.95516546
1999,73.14163213,17.95925462,44.87497121
2000,151.8716814,17.96972172,31.65954475
